Station_Index,Semi_Span_m,Eta,Bending_Moment_MNm,Shear_Force_kN,Bending_Stress_MPa,Shear_Stress_MPa,Von_Mises_MPa,Margin_of_Safety
1,0.0,0.0,61.43,4309.2,1170.13,176.03,1209.2,-0.723
2,1.62,0.05,54.88,4261.0,1131.83,181.13,1174.5,-0.714
3,3.24,0.1,48.72,4172.9,1091.71,184.88,1137.71,-0.705
4,4.86,0.15,42.97,4058.9,1049.63,187.77,1098.86,-0.695
5,6.48,0.2,37.6,3923.8,1005.42,189.91,1057.86,-0.683
6,8.1,0.25,32.62,3770.6,958.91,191.34,1014.56,-0.669
7,9.72,0.3,28.03,3601.1,909.9,192.04,968.79,-0.654
8,11.34,0.35,23.81,3416.9,858.17,191.99,920.35,-0.636
9,12.96,0.4,19.97,3219.1,803.51,191.13,869.03,-0.614
10,14.58,0.45,16.49,3008.4,745.66,189.36,814.61,-0.588
11,16.2,0.5,13.37,2785.7,684.4,186.55,756.84,-0.557
12,17.82,0.55,10.6,2551.5,619.48,182.54,695.5,-0.518
13,19.44,0.6,8.18,2306.5,550.74,177.1,630.4,-0.101
14,21.06,0.65,6.1,2051.0,478.07,169.94,561.42,0.009
15,22.68,0.7,4.35,1785.5,401.6,160.65,488.58,0.16
16,24.3,0.75,2.91,1510.3,321.82,148.66,412.15,0.375
17,25.92,0.8,1.78,1225.8,239.95,133.17,332.84,0.703
18,27.54,0.85,0.95,932.2,158.63,113.0,251.94,1.249
19,29.16,0.9,0.39,629.9,83.14,86.35,171.12,2.312
20,30.78,0.95,0.08,319.1,23.95,50.33,90.41,5.268
21,32.4,1.0,0.0,0.0,0.0,0.0,0.0,99.9
