AoA_deg,CL,CD,CD_induced,CD_parasite,CD_wave,L_D,Cm_c4,Lift_kN,Drag_kN
-4.0,-0.4091,0.02238,0.00633,0.0148,0.00125,-18.28,-0.047,-2104.1,115.1
-3.5,-0.336,0.02032,0.00427,0.0148,0.00125,-16.53,-0.053,-1728.3,104.5
-3.0,-0.263,0.01867,0.00262,0.0148,0.00125,-14.09,-0.059,-1352.6,96.0
-2.5,-0.1899,0.01742,0.00136,0.0148,0.00125,-10.91,-0.065,-976.9,89.6
-2.0,-0.1169,0.01657,0.00052,0.0148,0.00125,-7.05,-0.071,-601.2,85.2
-1.5,-0.0438,0.01612,7e-05,0.0148,0.00125,-2.72,-0.077,-225.4,82.9
-1.0,0.0292,0.01608,3e-05,0.0148,0.00125,1.82,-0.083,150.3,82.7
-0.5,0.1023,0.01645,0.0004,0.0148,0.00125,6.22,-0.089,526.0,84.6
0.0,0.1753,0.01721,0.00116,0.0148,0.00125,10.18,-0.095,901.7,88.5
0.5,0.2484,0.01839,0.00233,0.0148,0.00125,13.51,-0.101,1277.5,94.6
1.0,0.3214,0.01996,0.00391,0.0148,0.00125,16.1,-0.107,1653.2,102.7
1.5,0.3945,0.02194,0.00589,0.0148,0.00125,17.98,-0.113,2028.9,112.8
2.0,0.4675,0.02432,0.00827,0.0148,0.00125,19.22,-0.119,2404.6,125.1
2.5,0.5405,0.02711,0.01106,0.0148,0.00125,19.94,-0.125,2780.4,139.4
3.0,0.6136,0.0303,0.01425,0.0148,0.00125,20.25,-0.131,3156.1,155.8
3.5,0.6866,0.03389,0.01784,0.0148,0.00125,20.26,-0.137,3531.8,174.3
4.0,0.7597,0.03789,0.02184,0.0148,0.00125,20.05,-0.143,3907.5,194.9
4.5,0.8327,0.04229,0.02624,0.0148,0.00125,19.69,-0.149,4283.3,217.5
5.0,0.9058,0.0471,0.03105,0.0148,0.00125,19.23,-0.155,4659.0,242.3
5.5,0.9788,0.05231,0.03626,0.0148,0.00125,18.71,-0.161,5034.7,269.0
6.0,1.0519,0.05792,0.04187,0.0148,0.00125,18.16,-0.167,5410.4,297.9
6.5,1.1249,0.06394,0.04789,0.0148,0.00125,17.59,-0.173,5786.2,328.9
7.0,1.198,0.07036,0.05431,0.0148,0.00125,17.03,-0.179,6161.9,361.9
7.5,1.271,0.07718,0.06113,0.0148,0.00125,16.47,-0.185,6537.6,397.0
8.0,1.3441,0.08441,0.06836,0.0148,0.00125,15.92,-0.191,6913.3,434.2
8.5,1.4171,0.09204,0.07599,0.0148,0.00125,15.4,-0.197,7289.1,473.4
9.0,1.4901,0.10008,0.08403,0.0148,0.00125,14.89,-0.203,7664.8,514.8
9.5,1.5632,0.10852,0.09247,0.0148,0.00125,14.4,-0.209,8040.5,558.2
10.0,1.6362,0.11736,0.10131,0.0148,0.00125,13.94,-0.215,8416.2,603.7
10.5,1.7093,0.12661,0.11056,0.0148,0.00125,13.5,-0.221,8791.9,651.2
11.0,1.7823,0.13626,0.12021,0.0148,0.00125,13.08,-0.227,9167.7,700.9
11.5,1.8554,0.14632,0.13027,0.0148,0.00125,12.68,-0.233,9543.4,752.6
12.0,1.9284,0.15678,0.14073,0.0148,0.00125,12.3,-0.239,9919.1,806.4
