x_c,Cp_upper,Cp_lower,Delta_Cp
0.0,-0.1626,0.55,0.7126
0.01,-0.207,0.537,0.744
0.02,-0.2457,0.524,0.7697
0.03,-0.2807,0.5111,0.7918
0.04,-0.313,0.4983,0.8113
0.05,-0.3434,0.4856,0.829
0.06,-0.3721,0.4731,0.8452
0.07,-0.3995,0.4608,0.8603
0.08,-0.4258,0.4487,0.8746
0.09,-0.4512,0.4369,0.8881
0.1,-0.4756,0.4254,0.9011
0.11,-0.4993,0.4143,0.9136
0.12,-0.5223,0.4035,0.9258
0.13,-0.5447,0.3931,0.9377
0.14,-0.5664,0.3831,0.9495
0.15,-0.5877,0.3735,0.9612
0.16,-0.6083,0.3644,0.9728
0.17,-0.6285,0.3558,0.9844
0.18,-0.6483,0.3477,0.996
0.19,-0.6675,0.3401,1.0076
0.2,-0.6863,0.3331,1.0194
0.21,-0.7047,0.3266,1.0313
0.22,-0.7227,0.3206,1.0434
0.23,-0.7403,0.3153,1.0556
0.24,-0.7575,0.3104,1.068
0.25,-0.7743,0.3062,1.0805
0.26,-0.7908,0.3025,1.0933
0.27,-0.8068,0.2994,1.1063
0.28,-0.8225,0.2969,1.1194
0.29,-0.8378,0.2949,1.1328
0.3,-0.8528,0.2935,1.1463
0.31,-0.8674,0.2927,1.1601
0.32,-0.8816,0.2923,1.174
0.33,-0.8955,0.2925,1.188
0.34,-0.9091,0.2932,1.2023
0.35,-0.9223,0.2943,1.2166
0.36,-0.9351,0.2959,1.231
0.37,-0.9476,0.298,1.2456
0.38,-0.9598,0.3004,1.2602
0.39,-0.9716,0.3033,1.2748
0.4,-0.983,0.3064,1.2895
0.41,-0.9942,0.3099,1.3041
0.42,-1.005,0.3137,1.3187
0.43,-1.0154,0.3178,1.3332
0.44,-1.0255,0.3221,1.3476
0.45,-1.0353,0.3266,1.3619
0.46,-1.0448,0.3312,1.376
0.47,-1.0539,0.3359,1.3898
0.48,-1.0627,0.3408,1.4034
0.49,-1.0711,0.3456,1.4168
0.5,-1.0793,0.3505,1.4298
0.51,-1.0871,0.3554,1.4424
0.52,-1.0946,0.3601,1.4547
0.53,-1.1018,0.3648,1.4665
0.54,-1.1086,0.3693,1.4779
0.55,-0.85,0.3737,1.2237
0.56,-0.8356,0.3778,1.2133
0.57,-0.8211,0.3816,1.2028
0.58,-0.8067,0.3852,1.1919
0.59,-0.7922,0.3885,1.1807
0.6,-0.7778,0.3913,1.1691
0.61,-0.7633,0.3938,1.1572
0.62,-0.7489,0.3959,1.1448
0.63,-0.7344,0.3975,1.132
0.64,-0.72,0.3987,1.1187
0.65,-0.7056,0.3993,1.1049
0.66,-0.6911,0.3994,1.0905
0.67,-0.6767,0.399,1.0757
0.68,-0.6622,0.398,1.0602
0.69,-0.6478,0.3964,1.0441
0.7,-0.6333,0.3941,1.0275
0.71,-0.6189,0.3913,1.0102
0.72,-0.6044,0.3878,0.9922
0.73,-0.59,0.3836,0.9736
0.74,-0.5756,0.3788,0.9544
0.75,-0.5611,0.3734,0.9345
0.76,-0.5467,0.4111,0.9578
0.77,-0.5322,0.4474,0.9797
0.78,-0.5178,0.4817,0.9995
0.79,-0.5033,0.5133,1.0167
0.8,-0.4889,0.5416,1.0305
0.81,-0.4744,0.5659,1.0404
0.82,-0.46,0.5858,1.0458
0.83,-0.4456,0.6008,1.0464
0.84,-0.4311,0.6105,1.0416
0.85,-0.4167,0.6145,1.0311
0.86,-0.4022,0.6126,1.0148
0.87,-0.3878,0.6047,0.9925
0.88,-0.3733,0.5906,0.9639
0.89,-0.3589,0.5704,0.9293
0.9,-0.3444,0.5442,0.8886
0.91,-0.33,0.512,0.842
0.92,-0.3156,0.4743,0.7898
0.93,-0.3011,0.4312,0.7323
0.94,-0.2867,0.3832,0.6698
0.95,-0.2722,0.3305,0.6028
0.96,-0.2578,0.2738,0.5316
0.97,-0.2433,0.2132,0.4566
0.98,-0.2289,0.1491,0.378
0.99,-0.2144,0.0809,0.2953
1.0,-0.2,0.0,0.2
