semi_span_eta,span_y_m,chord_m,local_cl,local_circulation_gamma
0.0,0.0,11.2,0.52,725.03
0.02,0.66,11.04,0.5183,712.04
0.041,1.32,10.87,0.5164,698.83
0.061,1.98,10.71,0.5143,685.42
0.082,2.64,10.54,0.5119,671.81
0.102,3.31,10.38,0.5094,658.03
0.122,3.97,10.21,0.5066,644.08
0.143,4.63,10.05,0.5036,629.99
0.163,5.29,9.88,0.5005,615.76
0.184,5.95,9.72,0.4971,601.41
0.204,6.61,9.55,0.4935,586.94
0.224,7.27,9.39,0.4897,572.38
0.245,7.93,9.23,0.4856,557.73
0.265,8.6,9.06,0.4814,543.01
0.286,9.26,8.9,0.477,528.22
0.306,9.92,8.73,0.4723,513.38
0.327,10.58,8.57,0.4674,498.5
0.347,11.24,8.4,0.4623,483.59
0.367,11.9,8.24,0.457,468.65
0.388,12.56,8.07,0.4514,453.71
0.408,13.22,7.91,0.4456,438.76
0.429,13.89,7.74,0.4396,423.82
0.449,14.55,7.58,0.4333,408.89
0.469,15.21,7.41,0.4268,393.99
0.49,15.87,7.25,0.42,379.13
0.51,16.53,7.09,0.413,364.31
0.531,17.19,6.92,0.4057,349.54
0.551,17.85,6.76,0.3981,334.83
0.571,18.51,6.59,0.3902,320.18
0.592,19.18,6.43,0.3819,305.61
0.612,19.84,6.26,0.3734,291.12
0.633,20.5,6.1,0.3645,276.71
0.653,21.16,5.93,0.3552,262.4
0.673,21.82,5.77,0.3456,248.18
0.694,22.48,5.6,0.3355,234.07
0.714,23.14,5.44,0.3249,220.05
0.735,23.8,5.28,0.3139,206.14
0.755,24.47,5.11,0.3023,192.34
0.776,25.13,4.95,0.2901,178.64
0.796,25.79,4.78,0.2772,165.03
0.816,26.45,4.62,0.2636,151.5
0.837,27.11,4.45,0.249,138.03
0.857,27.77,4.29,0.2334,124.59
0.878,28.43,4.12,0.2165,111.14
0.898,29.09,3.96,0.198,97.59
0.918,29.76,3.79,0.2574,121.6
0.939,30.42,3.63,0.2339,105.7
0.959,31.08,3.47,0.2059,88.82
0.98,31.74,3.3,0.1692,69.51
1.0,32.4,3.14,0.08,31.23
